position,c_mean,c_std,m_mean,m_std,threshold,d_prime,accuracy
38,890.5593509851533,84.61730235566975,938.3957863716223,81.83730817362469,914.4775686783878,0.5746883803049987,0.7152317880794702
50,822.3850575161216,104.36908027999714,861.643579126771,105.78311730849283,842.0143183214464,0.37361144338512026,0.5903582718651211
62,816.518609273131,99.36739233740751,853.1066532201611,105.27178654823715,834.8126312466461,0.357437165892134,0.5533904910366328
74,831.5876459760941,82.22738586956241,873.9692884358202,80.13337748836906,852.7784672059572,0.5220241289614626,0.5854106533718184
86,792.6763248914489,98.73475824116908,828.2097265579337,96.3256645130865,810.4430257246913,0.36430446970004865,0.562970656972215
98,779.1757170387542,94.66489594964708,807.7642742810445,89.98380834694436,793.4699956598994,0.30955402582809044,0.5575038679731821
110,772.9588603011713,90.36943332623329,800.8058527796627,88.61867614440317,786.882356540417,0.3111453661429072,0.5561613958560524
122,794.3005593292214,89.36103076021018,831.3689256085888,90.02259442987402,812.8347424689051,0.4132831428203324,0.5620031796502385
