{
  "model": "FullSequenceHMM_3way_single",
  "mode": "3way",
  "adapters": [
    "5mers_rand_ref_adapter_01"
  ],
  "overall": {
    "accuracy": 0.5196408529741863,
    "n_samples": 891,
    "n_correct": 463
  },
  "per_class": {
    "C": 0.576017130620985,
    "5mC": 0.6412556053811659,
    "5hmC": 0.2537313432835821
  },
  "by_site_type": {
    "accuracy": {
      "non_cpg": 0.4505050505050505,
      "cpg": 0.3658810325476992,
      "homopolymer": 0.43546576879910215
    },
    "n_samples": {
      "non_cpg": 4455,
      "cpg": 1782,
      "homopolymer": 891
    }
  },
  "confidence_stratified": {
    "top_25pct": 0.545045045045045,
    "top_50pct": 0.5662921348314607,
    "top_100pct": 0.5196408529741863
  },
  "confusion_matrix": [
    [
      269,
      131,
      67
    ],
    [
      52,
      143,
      28
    ],
    [
      89,
      61,
      51
    ]
  ],
  "auc": {
    "macro": 0.6742820944639035,
    "per_class": {
      "C": 0.6742820944639035,
      "5mC": 0.6742820944639035,
      "5hmC": 0.6742820944639035
    }
  },
  "cross_validation": {
    "mean_accuracy": 0.5361955719371896,
    "std_accuracy": 0.02570656217795907,
    "fold_accuracies": [
      0.5677491601343785,
      0.5538116591928252,
      0.5,
      0.5123318385650224,
      0.547085201793722
    ],
    "mean_auc": 0.0,
    "std_auc": 0.0,
    "fold_aucs": [
      0.0,
      0.0,
      0.0,
      0.0,
      0.0
    ]
  },
  "significance": {
    "accuracy": {
      "ci_95": [
        0.4868216262995627,
        0.5522914474801505
      ],
      "se": 0.01673770171474743
    },
    "per_class_ci_95": {
      "C": [
        0.5307548395355697,
        0.6200390182904427
      ],
      "5mC": [
        0.5764018133045248,
        0.7013251962444575
      ],
      "5hmC": [
        0.19858094180255886,
        0.31811845796758903
      ]
    },
    "site_type": {
      "ci_95": {
        "non_cpg": [
          0.4359437330331466,
          0.46515165148033666
        ],
        "cpg": [
          0.34382773039412445,
          0.3885113315987279
        ],
        "homopolymer": [
          0.40325555475922076,
          0.4682300599645786
        ]
      },
      "pvalues_vs_overall": {
        "non_cpg": 2.554648213065748e-20,
        "cpg": 1.3657453563205282e-38,
        "homopolymer": 4.928628228623585e-07
      }
    },
    "vs_baseline_pvalue": null,
    "vs_chance_pvalue": 3.4529772596486445e-30
  },
  "site_type_significance": {
    "non_cpg": {
      "accuracy": 0.4505050505050505,
      "n_correct": 2007,
      "n_total": 4455,
      "ci_95_lower": 0.4359437330331466,
      "ci_95_upper": 0.46515165148033666,
      "pvalue_vs_overall": 0.002004585693173979,
      "se": 0.0074543165354785815
    },
    "cpg": {
      "accuracy": 0.3658810325476992,
      "n_correct": 652,
      "n_total": 1782,
      "ci_95_lower": 0.34382773039412445,
      "ci_95_upper": 0.3885113315987279,
      "pvalue_vs_overall": 1.3355624299653025e-07,
      "se": 0.011410415786589707
    },
    "homopolymer": {
      "accuracy": 0.43546576879910215,
      "n_correct": 388,
      "n_total": 891,
      "ci_95_lower": 0.40325555475922076,
      "ci_95_upper": 0.4682300599645786,
      "pvalue_vs_overall": 0.6355724713137687,
      "se": 0.01661052270851759
    }
  },
  "emission_params_summary": {
    "source": "single",
    "mode": "3way",
    "n_positions": 155,
    "n_cytosines": 8,
    "mean_C_current": 813.7430302783572,
    "mean_C_std": 90.53509692709878,
    "mean_delta_5mC_C": 36.51222519821759,
    "mean_delta_5hmC_C": 7.4254366185026015
  },
  "configuration": {
    "name": "3way_single",
    "mode": "3way",
    "emission_source": "single"
  }
}