configuration,mode,emission_source,overall_accuracy,top_25pct_accuracy,top_50pct_accuracy,auc_macro,cv_mean_accuracy,cv_std_accuracy,n_samples,C_accuracy,5mC_accuracy,non_cpg_accuracy,non_cpg_n_samples,cpg_accuracy,cpg_n_samples,homopolymer_accuracy,homopolymer_n_samples,5hmC_accuracy
binary_single,binary,single,0.7095375722543352,0.8497109826589595,0.8352601156069365,0.779491833030853,0.7092593285676859,0.021349477022687798,692,0.7435344827586207,0.6403508771929824,0.6184971098265896,3460,0.569364161849711,1384,0.5997109826589595,692,
binary_pooled,binary,pooled,0.633020303236976,0.7657922350472193,0.710283315844701,0.6838718708024922,0.6327427886604835,0.0035885471053697967,19061,0.6411850177591217,0.6178630301213847,0.5563191857719951,95305,0.5289596558417712,38122,0.5343371281674624,19061,
3way_single,3way,single,0.5196408529741863,0.545045045045045,0.5662921348314607,0.6742820944639035,0.5361955719371896,0.02570656217795907,891,0.576017130620985,0.6412556053811659,0.4505050505050505,4455,0.3658810325476992,1782,0.43546576879910215,891,0.2537313432835821
3way_pooled,3way,pooled,0.469399976046948,0.4845097412967103,0.5029543276908336,0.6153821133132794,0.4687170185153636,0.0032774527492054934,25049,0.548420631747301,0.5694444444444444,0.40811210028344447,125245,0.4062836839794004,50098,0.40600423170585653,25049,0.19054054054054054
