configuration,mode,emission_source,overall_accuracy,top_25pct_accuracy,top_50pct_accuracy,auc_macro,cv_mean_accuracy,cv_std_accuracy,n_samples,C_accuracy,5mC_accuracy,5hmC_accuracy,non_cpg_accuracy,non_cpg_n_samples,cpg_accuracy,cpg_n_samples,homopolymer_accuracy,homopolymer_n_samples,accuracy_ci_lower,accuracy_ci_upper,accuracy_se,pvalue_vs_chance,non_cpg_ci_lower,non_cpg_ci_upper,non_cpg_pvalue,cpg_ci_lower,cpg_ci_upper,cpg_pvalue,homopolymer_ci_lower,homopolymer_ci_upper,homopolymer_pvalue
3way_single,3way,single,0.5196408529741863,0.545045045045045,0.5662921348314607,0.6742820944639035,0.5361955719371896,0.02570656217795907,891,0.576017130620985,0.6412556053811659,0.2537313432835821,0.4505050505050505,4455,0.3658810325476992,1782,0.43546576879910215,891,0.4868216262995627,0.5522914474801505,0.01673770171474743,3.4529772596486445e-30,0.4359437330331466,0.46515165148033666,0.002004585693173979,0.34382773039412445,0.3885113315987279,1.3355624299653025e-07,0.40325555475922076,0.4682300599645786,0.6355724713137687
