{
  "model": "FullSequenceHMM_3way_pooled",
  "mode": "3way",
  "adapters": [
    "all"
  ],
  "overall": {
    "accuracy": 0.469399976046948,
    "n_samples": 25049,
    "n_correct": 11758
  },
  "per_class": {
    "C": 0.548420631747301,
    "5mC": 0.5694444444444444,
    "5hmC": 0.19054054054054054
  },
  "by_site_type": {
    "accuracy": {
      "non_cpg": 0.40811210028344447,
      "cpg": 0.4062836839794004,
      "homopolymer": 0.40600423170585653
    },
    "n_samples": {
      "non_cpg": 125245,
      "cpg": 50098,
      "homopolymer": 25049
    }
  },
  "confidence_stratified": {
    "top_25pct": 0.4845097412967103,
    "top_50pct": 0.5029543276908336,
    "top_100pct": 0.469399976046948
  },
  "confusion_matrix": [
    [
      6858,
      4129,
      1518
    ],
    [
      2060,
      3772,
      792
    ],
    [
      2499,
      2293,
      1128
    ]
  ],
  "auc": {
    "macro": 0.6153821133132794,
    "per_class": {
      "C": 0.6153821133132794,
      "5mC": 0.6153821133132794,
      "5hmC": 0.6153821133132794
    }
  },
  "cross_validation": null,
  "significance": {
    "accuracy": {
      "ci_95": [
        0.4632248614577262,
        0.475584474700019
      ],
      "se": 0.0031532613512600216
    },
    "per_class_ci_95": {
      "C": [
        0.5396848053722734,
        0.5571267182197899
      ],
      "5mC": [
        0.5574834116411903,
        0.5813249780458644
      ],
      "5hmC": [
        0.18073833747092136,
        0.20074409661005058
      ]
    },
    "site_type": {
      "ci_95": {
        "non_cpg": [
          0.40539302627520196,
          0.41083681080822115
        ],
        "cpg": [
          0.40199029934356245,
          0.4105914396386714
        ],
        "homopolymer": [
          0.39993760571966636,
          0.41209968323455565
        ]
      },
      "pvalues_vs_overall": {
        "non_cpg": 0.0,
        "cpg": 2.8201472091129003e-176,
        "homopolymer": 6.696621313640635e-90
      }
    },
    "vs_baseline_pvalue": null,
    "vs_chance_pvalue": 0.0
  },
  "site_type_significance": {
    "non_cpg": {
      "accuracy": 0.40811210028344447,
      "n_correct": 51114,
      "n_total": 125245,
      "ci_95_lower": 0.40539302627520196,
      "ci_95_upper": 0.41083681080822115,
      "pvalue_vs_overall": 0.6047558825549538,
      "se": 0.0013887666155869413
    },
    "cpg": {
      "accuracy": 0.4062836839794004,
      "n_correct": 20354,
      "n_total": 50098,
      "ci_95_lower": 0.40199029934356245,
      "ci_95_upper": 0.4105914396386714,
      "pvalue_vs_overall": 0.6170004869540833,
      "se": 0.002194289821991995
    },
    "homopolymer": {
      "accuracy": 0.40600423170585653,
      "n_correct": 10170,
      "n_total": 25049,
      "ci_95_lower": 0.39993760571966636,
      "ci_95_upper": 0.41209968323455565,
      "pvalue_vs_overall": 0.6573041629022869,
      "se": 0.0031028569879380614
    }
  },
  "emission_params_summary": {
    "source": "pooled",
    "mode": "3way",
    "n_positions": 155,
    "n_cytosines": 8,
    "mean_C_current": 800.352799356297,
    "mean_C_std": 104.44898968254836,
    "mean_delta_5mC_C": 30.204002653216207,
    "mean_delta_5hmC_C": 8.934292951974967
  },
  "configuration": {
    "name": "3way_pooled",
    "mode": "3way",
    "emission_source": "pooled"
  }
}