{
  "model": "FullSequenceHMM_binary_pooled",
  "mode": "binary",
  "adapters": [
    "all"
  ],
  "overall": {
    "accuracy": 0.633020303236976,
    "n_samples": 19061,
    "n_correct": 12066
  },
  "per_class": {
    "C": 0.6411850177591217,
    "5mC": 0.6178630301213847
  },
  "by_site_type": {
    "accuracy": {
      "non_cpg": 0.5563191857719951,
      "cpg": 0.5289596558417712,
      "homopolymer": 0.5343371281674624
    },
    "n_samples": {
      "non_cpg": 95305,
      "cpg": 38122,
      "homopolymer": 19061
    }
  },
  "confidence_stratified": {
    "top_25pct": 0.7657922350472193,
    "top_50pct": 0.710283315844701,
    "top_100pct": 0.633020303236976
  },
  "confusion_matrix": [
    [
      7943,
      4445
    ],
    [
      2550,
      4123
    ]
  ],
  "auc": {
    "macro": 0.6838718708024922,
    "per_class": {
      "C": 0.6838718708024922,
      "5mC": 0.6838718708024922
    }
  },
  "cross_validation": null,
  "significance": {
    "accuracy": {
      "ci_95": [
        0.6261517903683164,
        0.6398352104128419
      ],
      "se": 0.003491057466926353
    },
    "per_class_ci_95": {
      "C": [
        0.632695991673872,
        0.6495865094075207
      ],
      "5mC": [
        0.6061398627430871,
        0.6294505746967488
      ]
    },
    "site_type": {
      "ci_95": {
        "non_cpg": [
          0.5531627904353078,
          0.5594710411766122
        ],
        "cpg": [
          0.5239462643993936,
          0.5339672114876851
        ],
        "homopolymer": [
          0.5272495259423304,
          0.541410892914411
        ]
      },
      "pvalues_vs_overall": {
        "non_cpg": 0.0,
        "cpg": 0.0,
        "homopolymer": 8.695562777335253e-176
      }
    },
    "vs_baseline_pvalue": null,
    "vs_chance_pvalue": 8.831323541544965e-299
  },
  "site_type_significance": {
    "non_cpg": {
      "accuracy": 0.5563191857719951,
      "n_correct": 53020,
      "n_total": 95305,
      "ci_95_lower": 0.5531627904353078,
      "ci_95_upper": 0.5594710411766122,
      "pvalue_vs_overall": 2.7223053240804424e-09,
      "se": 0.0016093092244129123
    },
    "cpg": {
      "accuracy": 0.5289596558417712,
      "n_correct": 20165,
      "n_total": 38122,
      "ci_95_lower": 0.5239462643993936,
      "ci_95_upper": 0.5339672114876851,
      "pvalue_vs_overall": 3.3833200258452e-12,
      "se": 0.0025565393926076574
    },
    "homopolymer": {
      "accuracy": 0.5343371281674624,
      "n_correct": 10185,
      "n_total": 19061,
      "ci_95_lower": 0.5272495259423304,
      "ci_95_upper": 0.541410892914411,
      "pvalue_vs_overall": 0.0005949547766791231,
      "se": 0.0036130222943733126
    }
  },
  "emission_params_summary": {
    "source": "pooled",
    "mode": "binary",
    "n_positions": 155,
    "n_cytosines": 8,
    "mean_C_current": 800.352799356297,
    "mean_C_std": 104.44898968254836,
    "mean_delta_5mC_C": 30.204002653216207,
    "mean_delta_5hmC_C": 0
  },
  "configuration": {
    "name": "binary_pooled",
    "mode": "binary",
    "emission_source": "pooled"
  }
}