{
  "model": "FullSequenceHMM_binary_single",
  "mode": "binary",
  "adapters": [
    "5mers_rand_ref_adapter_01"
  ],
  "overall": {
    "accuracy": 0.7095375722543352,
    "n_samples": 692,
    "n_correct": 491
  },
  "per_class": {
    "C": 0.7435344827586207,
    "5mC": 0.6403508771929824
  },
  "by_site_type": {
    "accuracy": {
      "non_cpg": 0.6184971098265896,
      "cpg": 0.569364161849711,
      "homopolymer": 0.5997109826589595
    },
    "n_samples": {
      "non_cpg": 3460,
      "cpg": 1384,
      "homopolymer": 692
    }
  },
  "confidence_stratified": {
    "top_25pct": 0.8497109826589595,
    "top_50pct": 0.8352601156069365,
    "top_100pct": 0.7095375722543352
  },
  "confusion_matrix": [
    [
      345,
      119
    ],
    [
      82,
      146
    ]
  ],
  "auc": {
    "macro": 0.779491833030853,
    "per_class": {
      "C": 0.779491833030853,
      "5mC": 0.779491833030853
    }
  },
  "cross_validation": null,
  "significance": {
    "accuracy": {
      "ci_95": [
        0.6746302499426813,
        0.7421313504533189
      ],
      "se": 0.01725756958042909
    },
    "per_class_ci_95": {
      "C": [
        0.7019145262364215,
        0.7811551028847059
      ],
      "5mC": [
        0.5762082637876451,
        0.6998424491674415
      ]
    },
    "site_type": {
      "ci_95": {
        "non_cpg": [
          0.602188575834932,
          0.6345428132163379
        ],
        "cpg": [
          0.5431202240081325,
          0.5952241083215488
        ],
        "homopolymer": [
          0.5627522169273121,
          0.6355688205025086
        ]
      },
      "pvalues_vs_overall": {
        "non_cpg": 4.0864164505017405e-32,
        "cpg": 1.536089782188716e-30,
        "homopolymer": 1.966094166842175e-10
      }
    },
    "vs_baseline_pvalue": null,
    "vs_chance_pvalue": 6.738219671633579e-29
  },
  "site_type_significance": {
    "non_cpg": {
      "accuracy": 0.6184971098265896,
      "n_correct": 2140,
      "n_total": 3460,
      "ci_95_lower": 0.602188575834932,
      "ci_95_upper": 0.6345428132163379,
      "pvalue_vs_overall": 0.07920881391620499,
      "se": 0.008258091757119286
    },
    "cpg": {
      "accuracy": 0.569364161849711,
      "n_correct": 788,
      "n_total": 1384,
      "ci_95_lower": 0.5431202240081325,
      "ci_95_upper": 0.5952241083215488,
      "pvalue_vs_overall": 0.009028791111107926,
      "se": 0.013310124060030978
    },
    "homopolymer": {
      "accuracy": 0.5997109826589595,
      "n_correct": 415,
      "n_total": 692,
      "ci_95_lower": 0.5627522169273121,
      "ci_95_upper": 0.6355688205025086,
      "pvalue_vs_overall": 0.8459475945841342,
      "se": 0.0186253649511199
    }
  },
  "emission_params_summary": {
    "source": "single",
    "mode": "binary",
    "n_positions": 155,
    "n_cytosines": 8,
    "mean_C_current": 813.7430302783572,
    "mean_C_std": 90.53509692709878,
    "mean_delta_5mC_C": 36.51222519821759,
    "mean_delta_5hmC_C": 0
  },
  "configuration": {
    "name": "binary_single",
    "mode": "binary",
    "emission_source": "single"
  }
}